,CVE,CAPEC,CAPEC-BASE,MATCH
0,CVE-2006-4705,CAPEC-252,CAPEC-7,False
1,CVE-1999-0046,CAPEC-10,CAPEC-10,True
2,CVE-1999-0906,CAPEC-10,CAPEC-10,True
3,CVE-1999-0073,CAPEC-13,CAPEC-13,True
4,CVE-2003-1096,CAPEC-16,CAPEC-16,True
5,CVE-2007-1057,CAPEC-26,CAPEC-26,True
6,CVE-2000-0972,CAPEC-27,CAPEC-27,True
7,CVE-2005-0894,CAPEC-27,CAPEC-27,True
8,CVE-2006-6939,CAPEC-27,CAPEC-27,True
9,CVE-2007-1057,CAPEC-26,CAPEC-26,True
10,CVE-2010-5148,CAPEC-62,CAPEC-31,False
11,CVE-2016-0353,CAPEC-61,CAPEC-31,False
12,CVE-2005-2088,CAPEC-33,CAPEC-33,True
13,CVE-2006-6276,CAPEC-33,CAPEC-33,True
14,CVE-2006-0207,CAPEC-86,CAPEC-34,False
15,CVE-2006-0944,CAPEC-464,CAPEC-39,False
16,CVE-1999-0047,CAPEC-42,CAPEC-42,True
17,CVE-1999-0946,CAPEC-46,CAPEC-46,True
18,CVE-1999-0971,CAPEC-327,CAPEC-46,False
19,CVE-2001-0249,CAPEC-88,CAPEC-47,False
20,CVE-2006-6652,CAPEC-123,CAPEC-47,False
21,CVE-2004-1143,CAPEC-16,CAPEC-49,False
22,CVE-2006-3013,CAPEC-252,CAPEC-50,False
23,CVE-2004-0629,CAPEC-53,CAPEC-52,False
24,CVE-2006-4705,CAPEC-252,CAPEC-7,False
25,CVE-2006-1058,CAPEC-55,CAPEC-55,True
26,CVE-2001-1534,CAPEC-59,CAPEC-59,True
27,CVE-2006-6969,CAPEC-61,CAPEC-59,False
28,CVE-1999-0428,CAPEC-60,CAPEC-60,True
29,CVE-2002-0258,CAPEC-317,CAPEC-60,False
30,CVE-2004-2182,CAPEC-61,CAPEC-61,True
31,CVE-2001-1335,CAPEC-139,CAPEC-64,False
32,CVE-2006-5525,CAPEC-7,CAPEC-66,False
33,CVE-2002-0412,CAPEC-67,CAPEC-67,True
34,CVE-2006-5288,CAPEC-70,CAPEC-70,True
35,CVE-2000-0884,CAPEC-72,CAPEC-71,False
36,CVE-2001-0784,CAPEC-139,CAPEC-72,False
37,CVE-2000-0860,CAPEC-252,CAPEC-77,False
38,CVE-2000-0884,CAPEC-72,CAPEC-71,False
39,CVE-2007-1544,CAPEC-92,CAPEC-92,True
40,CVE-2006-0201,CAPEC-252,CAPEC-93,False
41,CVE-2006-6799,CAPEC-7,CAPEC-108,False
42,CVE-2007-2027,CAPEC-67,CAPEC-135,False
43,CVE-2005-2301,CAPEC-136,CAPEC-136,True
44,CVE-2010-0488,CAPEC-120,CAPEC-267,False
45,CVE-2004-2761,CAPEC-475,CAPEC-459,False
46,CVE-2005-4900,CAPEC-61,CAPEC-459,False
47,CVE-2020-0601,CAPEC-195,CAPEC-475,False
48,CVE-2005-0233,CAPEC-632,CAPEC-632,True
49,CVE-2005-0234,CAPEC-632,CAPEC-632,True
50,CVE-2005-0235,CAPEC-632,CAPEC-632,True
51,CVE-2005-0236,CAPEC-632,CAPEC-632,True
52,CVE-2005-0237,CAPEC-632,CAPEC-632,True
53,CVE-2005-0238,CAPEC-632,CAPEC-632,True
54,CVE-2009-0652,CAPEC-632,CAPEC-632,True
55,CVE-2012-0584,CAPEC-142,CAPEC-632,False
56,CVE-2006-3976,CAPEC-253,CAPEC-657,False
57,CVE-2006-3977,CAPEC-444,CAPEC-657,False
